{
  "benchmarks_saturation": [
    [
      "GLUE",
      2018,
      2019,
      1.0
    ],
    [
      "SuperGLUE",
      2019,
      2021,
      2.0
    ],
    [
      "MMLU",
      2021,
      2024,
      3.0
    ],
    [
      "HellaSwag",
      2019,
      2023,
      4.0
    ],
    [
      "GSM8K",
      2021,
      2024,
      3.0
    ],
    [
      "HumanEval",
      2021,
      2024,
      3.0
    ],
    [
      "GPQA-Diamond",
      2024,
      2026,
      2.0
    ],
    [
      "ARC-AGI-1",
      2019,
      2024,
      5.0
    ],
    [
      "ARC-AGI-2",
      2024,
      2025,
      1.0
    ],
    [
      "HLE",
      2025,
      null,
      null
    ],
    [
      "ARC-AGI-3",
      2026,
      null,
      null
    ]
  ],
  "hle_progression": {
    "Jan 2025": 8.0,
    "Mar 2025": 12.5,
    "Jun 2025": 18.0,
    "Sep 2025": 22.3,
    "Dec 2025": 28.1,
    "Mar 2026": 37.5
  },
  "paradigm_shares_2026": {
    "static": 73.86911394880207,
    "dynamic": 23.542208519637384,
    "interactive": 2.588677531560546
  }
}