{
  "metrics": {
    "Sound A: Viral Hit": {
      "FLAI": {
        "mape": 3.3505338746703432,
        "r2": 0.9885515591699181,
        "mse": 784194.1912142476
      },
      "ARIMA": {
        "mape": 6.594431921910275,
        "r2": 0.9437523802459932,
        "mse": 3852844.010410493
      },
      "LSTM": {
        "mape": 23.721057182484454,
        "r2": 0.6473660222865872,
        "mse": 24154688.05332986
      }
    },
    "Sound B: Steady Grower": {
      "FLAI": {
        "mape": 6.247274259399559,
        "r2": 0.616294140075923,
        "mse": 3347257.729389693
      },
      "ARIMA": {
        "mape": 8.066016063214988,
        "r2": 0.2068173461081575,
        "mse": 6919328.179096966
      },
      "LSTM": {
        "mape": 14.810777010701887,
        "r2": -1.2818679667017294,
        "mse": 19905873.1876037
      }
    },
    "Sound C: Flash Trend": {
      "FLAI": {
        "mape": 3.558919283326107,
        "r2": 0.9846018606176309,
        "mse": 474.4480205831059
      },
      "ARIMA": {
        "mape": 187472.18487966133,
        "r2": -78909203.95199716,
        "mse": 2431353241166.8276
      },
      "LSTM": {
        "mape": 158.1749680527557,
        "r2": -9.090351133045532,
        "mse": 310904.25948108226
      }
    }
  },
  "best_params": {
    "Sound A: Viral Hit": {
      "bW": 1.05,
      "lr": 0.18,
      "mom": 0.3,
      "mape": 3.3505338746703432
    },
    "Sound B: Steady Grower": {
      "bW": 1.05,
      "lr": 0.03,
      "mom": 0.1,
      "mape": 6.247274259399559
    },
    "Sound C: Flash Trend": {
      "bW": 1.0,
      "lr": 0.08,
      "mom": 0.2,
      "mape": 3.558919283326107
    }
  }
}